filename,R,G,B,BC_TOT
SP2-B201-G-H22.jpg,121.96796380090497,111.17701357466063,95.78316742081448,to_be_calculated
