filename,R,G,B,BC_TOT
lvl_10082020_24.jpg,193.58170663692138,191.21081985499166,183.46068042387063,to_be_calculated
lvl_10082020_23.jpg,154.12046848856664,148.25878416062466,135.41550474065812,to_be_calculated
