filename,R,G,B,BC_TOT
lvl_10052020_19.jpg,220.8678733031674,222.05140271493212,212.86733031674208,to_be_calculated
lvl_10052020_7.jpg,203.17628959276018,203.61701357466063,195.7806334841629,to_be_calculated
